mes,feriado,temperatura,umidade,habitantes,potencia,consumo_energia,estacao
7,0,17.517294987730146,85.84843783898938,1,239.94175367234178,94.41839479215042,3
4,1,15.957681661438166,37.543456139533575,4,197.52077508407183,63.70528028281555,2
11,0,18.09598928139914,74.22579302592308,3,362.3613252393598,136.2211423321938,4
8,0,19.419250791589537,88.47550868011979,3,179.52562437496118,131.60923529142616,3
5,0,20.114557096135727,33.1319177426983,2,226.00420287336985,148.39063638971635,2
7,0,17.987217888391392,70.93163283759662,1,189.84097602995394,140.9743686712684,3
10,0,20.821331009930976,58.08924847806182,4,127.66142708740048,135.17903386605417,4
3,0,26.412780492755058,64.75051532248332,1,430.99949665426936,157.88615967165046,1
7,0,13.179737363533578,35.12048018905949,5,201.81621716866448,60.441536949811805,3
11,1,22.28102506111405,32.58041711201637,1,289.21100133720824,106.89831943041227,4
11,1,14.837919667696227,70.0119996330553,1,117.32610930172478,103.1479246281821,4
8,0,10.343407374641803,79.39856578924307,3,379.73578650105725,95.79632144895355,3
5,1,12.306867245020467,76.92092009597803,4,232.22440092251634,89.67893254145842,2
4,0,13.35421651744467,62.62834367197424,1,397.894691131684,93.1210484864329,2
8,1,24.359843318418807,35.99200926817069,3,264.96122418714646,106.92979341347953,3
8,0,18.59562143396274,71.28266663016083,2,178.30224256224983,50.20765176000812,3
3,0,34.32730740476255,44.513333013248754,3,305.2700329128144,189.10631611992784,1
6,0,18.627450257449375,84.66412216604301,3,152.2018238549759,101.8279720688711,2
5,0,17.190316602067774,80.29592157274229,3,276.2156639491979,122.22160986736462,2
2,0,28.137276911940962,72.56297802524345,1,226.92219096819463,176.12350385930944,1
8,0,19.095564166500633,86.93075734986783,1,464.7838336798533,104.6881173787433,3
12,0,12.087970369262948,31.885309290676375,2,124.37148868828798,121.44596838857818,4
6,0,23.47392440939059,74.17202550364573,5,377.6069656422968,94.46276579139047,2
2,1,33.29332405141284,49.81456676018432,5,173.10046639497438,154.06217005050766,1
12,0,14.762971718151055,84.36395314118192,5,227.61802973289593,94.92681584656367,4
5,0,24.291962914019415,46.00051179971865,2,266.20562522482635,79.64448877441531,2
1,0,33.25200767415568,73.49138995890102,5,463.20603574998967,289.4474411551993,1
12,0,19.994603287525596,82.65882117904688,5,197.03130642953005,62.46133856783274,4
10,0,11.826428666879123,32.499409102960946,3,136.5235210178681,115.24759555072322,4
6,0,17.173510345721084,53.85885477552217,1,227.47584159620942,55.271976633450116,2
12,0,17.591613322701264,75.73854192131631,1,141.87038821421334,94.61704378126964,4
9,0,13.488270375480703,57.295133370455225,3,151.438594384221,105.39794872200807,3
1,1,25.799653943593018,46.03515778761572,3,329.54023919001065,194.6932396975298,1
11,0,21.65085445707539,43.1883209293914,3,124.36077323979733,95.50756355203845,4
11,0,11.830525781865926,37.89109601498267,1,112.37235255742641,66.35537945301874,4
10,0,18.91436125842662,81.42777359137693,5,385.7656405881991,80.41238494680361,4
12,0,24.046737608254908,64.52132419509336,3,244.6588379364178,112.11063249102031,4
12,0,23.141577888970637,34.583096699487356,2,150.1501396935493,80.18000558611551,4
3,0,27.777526237492612,52.95481941423813,3,201.4451083438833,284.9614617613307,1
12,0,22.77172956326898,52.06401904830659,4,356.8346029409596,112.84069576409897,4
7,0,10.00498759180734,40.90435144256778,3,210.2146268563405,93.86490184359845,3
4,0,10.265317144198859,56.13045752833144,1,297.8084500481632,53.875693555418245,2
9,0,19.038297457642976,49.92596192358819,3,148.6781226906689,99.95483352046713,3
3,0,28.647982191445294,50.50822232953095,4,335.2374550421788,264.7164363187634,1
5,0,15.796912617387207,74.34159346727752,2,226.43107353730562,76.55575980124136,2
3,0,30.644410906788824,43.395803130311776,5,350.78737381148665,271.0160354473151,1
7,0,12.876736833877908,68.51159753132131,3,423.3579529216092,75.18067660508815,3
5,0,13.176330259982176,64.23897743285609,4,344.65856775599696,132.37463879508005,2
9,0,17.26902380528297,64.08555074027204,4,218.29902503800827,58.52683416116774,3
7,1,21.313803165157946,69.78044076850657,2,202.29748061932014,136.61837088690294,3
2,0,31.194977514075877,62.902922171739235,1,230.9683834933792,224.87796763999955,1
4,0,14.460325723552582,82.75530689078307,3,165.84820529460194,79.6537589620262,2
9,1,16.45505766263382,70.5348055170156,4,172.46874034000803,76.51132504151488,3
12,1,12.559971378249976,62.81779508228329,2,416.27644076006715,93.20105589303627,4
2,0,25.74629814337082,79.7857872172587,5,253.893030602978,299.85742471554676,1
10,0,21.74044061116224,66.36879389600878,4,274.39807222823435,72.03273934375825,4
9,1,13.980811137822919,47.46865486711074,2,337.6197862267245,60.32166488789996,3
10,0,12.666495817768723,42.425695090594274,1,335.8613980606191,108.5035168718662,4
5,0,20.37427083353979,39.13966713976073,1,126.95074860877028,98.85424664402572,2
2,0,31.18051674287186,83.9673127527661,4,432.61631453506624,228.62944065949608,1
4,0,19.497844390201962,72.60812590788396,4,170.93062128957575,116.69354175572171,2
12,0,13.433419072699204,86.24270628985924,3,389.22865441986755,76.71440698706493,4
12,0,13.489683078440216,66.19750834289658,2,409.0683952512666,141.06649953838883,4
7,0,13.312039446784587,58.40405288969475,4,385.9598136365255,93.56720661222903,3
12,0,12.606288934934417,33.58298933825336,3,331.5910586216581,62.908619514246176,4
8,0,19.835855088424843,70.29853689276179,3,105.84359884355314,124.22987567339443,3
3,0,33.480158852494014,64.93252558609387,4,244.15019694526828,246.46565289267755,1
1,1,32.243174696766616,89.41253361525729,1,341.93577174503247,197.36151037260555,1
4,0,21.881404506408145,44.34952666693458,2,254.98051836901547,112.15187240340485,2
2,0,29.047984290852,61.84424131721015,2,445.39195796512524,182.97929345534652,1
8,0,19.81113693057997,69.05744010708436,1,223.52091013984614,94.48393593405295,3
4,0,15.313543606671619,68.67547048454063,4,217.41391698346416,139.94125221673252,2
2,0,30.2550462196864,63.67761257690417,2,206.39907723706318,170.0301349741124,1
6,1,17.224522698022934,76.61568061963354,4,233.1123475843182,88.66964499874621,2
6,0,12.653307177157815,42.29887257160898,4,322.9619857256749,132.11424247203473,2
10,0,15.806181405034462,73.53763201646495,3,382.8061177090363,146.9490899406178,4
4,0,24.457334132235268,67.18407428598536,1,365.027167095514,95.39261364217958,2
6,0,13.728703865724132,83.7645067076744,4,423.08712799259183,100.69996201433474,2
2,0,26.338037362794886,80.8316663420149,5,454.36559819896996,235.82579426756547,1
10,0,16.278709324359028,48.9088223479532,1,426.4316169373405,143.23481416337108,4
12,0,21.85506603790222,46.574239498509186,2,107.57816134974183,135.82067909770296,4
2,0,30.821482297799722,88.89919943114687,3,394.3671814207955,175.59016869324665,1
10,0,20.214622408573668,61.635910854915394,2,183.35982944733263,93.67578178470751,4
4,0,12.845422722620157,84.38525783486621,2,153.17121708319306,96.40004281964264,2
8,0,19.284222895115825,39.83286142682893,1,355.3955139196542,128.90961116487568,3
7,0,14.852505923672107,68.56913488801047,2,227.89727816307797,110.28928826054353,3
12,0,22.514550489321515,78.59161124163518,4,122.8468653481773,115.4220462029013,4
9,0,19.439482090161043,86.84371497518681,2,155.05189375934452,149.81999076656177,3
8,0,12.98284416662944,50.24040846102141,3,100.37176674798442,57.4960043470013,3
5,1,10.969250197661292,73.49887019544315,3,461.2894509378829,72.3009823533733,2
2,0,25.42633209287033,62.328780542377146,5,109.84719353649544,211.18439060573203,1
5,0,15.571128514752111,33.637735563988095,3,183.78230780380443,84.77824030488873,2
8,0,13.987767049814703,71.3999842385366,2,266.5051122751629,52.16455613469836,3
10,1,19.69135185193762,71.4057934942706,3,242.62853038032765,59.17776064711758,4
9,0,17.490007524679275,85.83640829079222,1,464.6903507651103,118.09532914035762,3
12,0,13.990289170080711,59.83874677013834,3,116.11557829381684,137.93244633625608,4
12,0,12.238566669252641,43.815055242630876,4,304.8858830708206,101.42270112659776,4
12,0,11.907996440311743,32.673829406920746,1,372.1917850097496,103.9191079513633,4
9,0,22.969905882106264,54.93853120115434,5,472.6791894724675,75.50934328323794,3
1,0,27.43477968404867,48.11500200465011,4,348.1485008494884,265.1814545450567,1
9,0,19.775659718664524,75.66529836143253,2,421.5020944047051,125.17945873672564,3
7,0,22.16028891979399,51.25606589046279,2,133.48997513813936,108.83656892176566,3
9,0,19.21121966777104,86.94427177889064,2,254.37580437477095,71.26642865113428,3
8,0,22.89347847470419,87.73861217926705,4,249.57885379162698,59.70182182370895,3
1,0,28.923937215284745,67.25451541306248,4,454.51528658228705,159.6357863785689,1
12,0,24.343332859734225,85.71961722089297,4,160.54846850530998,109.26960666428778,4
8,0,11.997175062671454,75.65126067086973,1,160.7544689346521,132.50353191428002,3
8,0,11.532242944863071,62.81157845850757,1,231.42325995431938,135.83304317809248,3
11,0,19.880382193111654,40.818476125366686,2,121.78641894673504,96.36220743434498,4
3,0,34.428311414132615,57.515876610830404,3,172.98321626099602,267.6406948960075,1
1,0,33.08883461636328,63.652467801757055,2,486.0838554182941,292.03202945115356,1
8,0,11.146252891570771,81.83769484410061,5,271.27357594686913,77.5170112488068,3
3,0,27.793677139347164,58.88000259213989,1,352.8076833689746,209.69405195711357,1
3,0,34.30318884837824,83.8604803606774,4,390.4445037378548,289.7218488895021,1
1,0,27.530584328007844,70.46093874140814,1,246.7845628028802,200.73464509759273,1
11,0,21.71755635680379,38.21994378322028,4,158.89082976420679,141.38762903217963,4
5,0,22.376982938930556,89.69888215950559,5,182.63240648871232,148.10448622544658,2
10,0,17.431781551914725,61.633959645234754,5,225.30659063224414,116.18107285744247,4
7,1,15.795233647724732,53.51149778454473,1,354.4273681408903,131.68902895041683,3
10,0,16.751866486296393,69.5468258681716,4,259.3122196356218,124.95455642210852,4
9,0,13.404470415480462,36.533598838862346,5,102.72587916005125,119.95342576155238,3
12,0,23.340863741932665,68.19231880520127,2,309.3628740269887,80.69310729812325,4
7,0,16.759294850946368,59.89416002995638,2,468.6053567629672,55.70943379079437,3
9,0,23.236891606841496,54.400444199914986,4,424.8310444034716,84.30517325196506,3
8,1,11.585402198594112,87.18120127073395,1,430.08454850385243,116.69359852039067,3
12,0,24.82412906500197,61.352383003923194,5,418.02320704245244,60.252919822780136,4
2,0,29.43273087443618,43.147048768196306,1,229.49233024416947,151.7876974467363,1
1,0,25.478308203941054,57.53780876263792,2,406.0775335017568,170.9538558904408,1
7,0,10.570327723561824,85.16324427436035,5,157.2645431244772,121.57359264107953,3
7,0,21.19310886222758,40.56572827983568,1,363.0864589103814,147.2793701656444,3
8,0,19.88553301305521,42.83742232129421,3,356.6274266739978,148.30646996148204,3
5,1,22.031958371913813,30.781774065425026,4,110.22791963589387,99.3979149140188,2
3,0,26.05367533952806,30.851402963746033,4,415.1880534363726,280.4028451488521,1
12,0,10.533563005533225,79.76349761751075,3,461.2992420380522,123.6826455751504,4
8,0,17.628689341713677,73.92735641057735,2,206.96611138884305,100.10402369846034,3
6,0,15.813928472241543,51.3024633871175,5,424.9562896744604,107.27605329550867,2
11,0,16.929204050064335,71.89866943365436,4,132.96238874477928,63.72271466168711,4
3,0,34.91588408870274,53.71235557859821,3,339.9871433044264,290.6492190924888,1
1,0,34.7074995767067,87.17380775986965,3,294.2587461337109,202.78946560976652,1
3,0,34.42315389673193,88.02316088556209,2,318.36941332360004,216.92238846857543,1
5,0,21.75764015151511,53.567626548560604,2,470.48208075373805,117.16602309978987,2
3,1,28.548413602568903,81.25331438045208,1,448.5260988987414,200.0853707289831,1
1,0,29.121309302627715,76.38534250184797,4,414.0334628959028,188.1388741483396,1
5,0,18.24424065578387,48.599996230307354,1,209.4793830713484,113.10493932702207,2
10,0,22.4580168460726,43.92238973406636,3,464.72745147443663,52.49840822818494,4
7,0,11.030692487774017,57.49407902357003,5,139.0030769855501,122.07251120266788,3
7,0,16.36445328827332,76.88093043686438,5,441.3316866235151,101.40233698765098,3
11,0,11.23926495188903,87.61006708372472,2,231.26402894144312,110.57537305209344,4
9,0,17.719863798602674,75.81474413199436,5,121.50892466479334,113.18801592468851,3
10,0,23.48351236009353,81.3124191011022,5,367.7427936962993,102.70501564925637,4
10,0,21.73727386845907,66.183858370231,5,192.5119713263822,108.25337774407359,4
12,0,13.41763626314665,80.12446985052756,3,197.42845034585275,118.37882008898745,4
3,0,34.75990849598792,77.06525148020506,5,222.4188664915086,262.96782707695115,1
7,0,20.010255970696427,52.61913251557681,5,125.4739070010067,122.74523912861206,3
1,0,25.104276993974032,63.119418127243264,5,170.8508576793016,280.4424686598393,1
4,0,13.831202270278293,78.28518731938169,1,102.05585103422412,68.94434331674027,2
4,0,13.91069949879875,32.76340405139738,3,278.1638084423147,90.11479694917975,2
5,0,11.0388145942879,78.48475694134979,2,133.70215096718852,144.77960660144572,2
7,1,24.397397771138934,40.67328744294141,1,373.0610420176796,89.65905743863297,3
7,1,17.173829418638856,60.88101702728633,4,194.24914047665936,62.487007690592264,3
11,0,23.437218960578228,78.49652637335626,3,477.42965761407083,102.54451263621795,4
4,0,14.833232551669425,45.22926468940169,3,448.50065095946104,60.94909725544622,2
7,1,11.878503556492406,44.74844635836918,4,215.7763579872833,70.28532387278652,3
11,0,17.11504164859321,54.165863907735115,4,413.28618186267147,149.83187565709568,4
3,0,26.139566347143173,83.67856785465807,4,421.2979618659225,231.2043957594198,1
6,1,17.2902325446631,30.026566886232473,2,494.62524564576415,78.4058389040429,2
12,0,23.80445771829112,84.08298579851609,5,339.135994738274,149.4774954573906,4
2,0,30.207681418342126,39.228421478496465,3,132.78629385746487,294.9838377832715,1
10,0,19.247495903426252,89.40518256404891,5,358.7348915705524,94.07390410842635,4
9,0,12.349576554607125,87.29081958230809,5,349.9918993504141,76.04031087879085,3
5,0,10.656034388199542,59.680511375476996,4,355.3402309681727,133.839963809219,2
6,0,11.662119432697105,60.763214868757686,2,222.8582592416846,121.56207169717858,2
12,0,18.977973635265485,58.89296041655126,1,443.87183403213317,118.69414350035103,4
12,0,11.42517548488457,68.12661873957136,2,483.78887318216476,139.31137413224724,4
12,0,15.63989334911967,35.44330213409586,5,187.08500519126062,118.94171338713247,4
12,0,18.251379106872342,31.95707690049399,2,135.26086325465778,78.37979430415491,4
4,1,15.829791979447705,33.46217570495393,4,177.81401326739365,119.38631618757323,2
11,0,12.455257021979522,56.66192095449087,1,428.2208557022875,80.58135112836639,4
10,0,14.106869612711598,46.532876353169,4,370.657853927939,125.92389796569951,4
7,1,23.924762992728652,67.32237374225963,1,354.41893693565066,111.9747854491566,3
12,0,20.13973413379533,89.54653736248673,5,260.7172540437698,57.741155198475056,4
9,0,17.4407175801983,53.179390384587954,1,331.1311886045743,101.2835362435142,3
7,0,10.190723349803402,64.4304752462708,1,223.14965010974697,84.33009691957409,3
1,0,34.9241540048947,54.936233754440124,1,290.8800317671845,199.28559490984412,1
1,0,31.714549348946434,80.83630006331157,2,417.22521134826235,240.33844535658858,1
9,0,14.753837160174175,84.13418420773428,2,492.49663898218483,82.2324824469425,3
11,0,23.189029899967572,82.64133673231561,5,472.99556943592074,127.68937482048727,4
9,0,13.876474304377272,88.46233432075545,1,473.5463771384995,57.079143601117444,3
4,0,18.160248687741273,31.65115110842492,3,260.88949393884496,116.03882523958255,2
9,0,19.54106145594738,80.38896972873187,5,287.51595220271633,130.91948036567413,3
3,0,27.210633714537284,75.10633038234559,1,382.2541585475926,250.9247534880645,1
7,0,24.67595918200894,43.721664564021886,1,468.8767712205137,99.72291950199957,3
6,0,21.222878589684964,87.37920560325165,2,156.79770374083387,145.03070137361811,2
8,0,18.367198382666047,38.89067569379673,5,221.6967455308783,79.99384897980636,3
11,0,12.708918972629514,70.7729956280345,1,155.69873783764382,51.91678875249778,4
9,0,10.807873104970392,43.49341300895475,1,344.8034119837821,93.1989371463441,3
5,0,14.800897487814751,55.88283892644448,5,222.520398755015,53.301193590032725,2
1,0,32.531873359134025,73.14959381667413,3,230.4431410050294,293.0905128789613,1
3,0,27.69331298302025,63.7994785219828,5,128.3663837951917,181.48770686220772,1
10,0,18.093343307432576,55.6501098796867,5,239.91842472303676,128.89270239488795,4
12,0,20.919207650961148,49.580305855919235,3,444.9986029606341,127.45720831743648,4
8,0,11.619155719696966,80.37957934252742,5,193.229124756334,71.77288996829336,3
11,0,20.279470241738103,38.62886101888883,1,378.0749864840263,112.12265304801673,4
6,0,11.378063315650671,55.806172591788005,5,351.85133797543705,54.80789684864502,2
8,0,24.476946131904946,84.22545430650854,3,445.3938433476461,98.35745857038674,3
9,1,17.325911950974096,80.75097302759806,4,152.9151790604153,51.464712727248674,3
4,0,12.26014161564816,54.056505748382804,5,491.0359841380173,142.11438801808418,2
1,0,28.423836360335464,75.7865018160785,2,333.05145841614626,296.4129036299357,1
1,1,29.134164492952614,79.38964984253155,1,498.18966093872575,183.3424149957878,1
10,0,21.37277516614806,83.33324544021778,1,464.60589034634035,70.81060345963728,4
4,1,21.15135679114914,62.670346142953676,2,188.60690884524232,125.37201765621296,2
12,0,19.179107580059963,42.26765316328271,2,122.46480396132525,75.33793988293345,4
7,0,11.588960688377394,45.3185445902359,5,202.25563751814462,139.5076559161845,3
2,0,26.515693715876736,47.74168044249625,2,311.02545959976794,236.08937041844734,1
3,0,25.937569206455567,65.62814884857693,4,168.63854682607598,202.61664345154682,1
1,0,30.7717278328755,31.968577447716505,3,166.9838978071954,274.90406195241303,1
5,0,23.15707662267106,68.1625481267981,2,285.03741884206124,99.34067004133952,2
1,0,29.338005122547717,51.86125430569392,2,113.30718846774337,286.74493705627134,1
8,0,12.412722609366194,47.71450814937853,4,148.75523301290818,142.80142367293809,3
1,1,30.58042325148967,82.76979424368758,1,266.344535763179,174.8130228192614,1
11,0,22.176283252985648,57.60014373484793,1,125.25196368318659,50.232340613193024,4
1,0,32.4171206151293,35.70318273196157,5,258.7020225822117,297.5896410213603,1
2,0,33.81450779675021,79.60480608157482,4,289.60250637937804,285.92063041912195,1
2,1,27.779020972488677,32.8584754461904,3,280.5066456292458,158.3167853555762,1
12,0,12.909308009016623,73.6049534500918,3,447.66994296123494,133.303426394107,4
6,0,23.19724728912908,76.4343733062399,4,312.02498202069296,95.78049325592066,2
7,1,19.863404691670347,51.15615635573149,3,287.19218499121735,75.89616050249752,3
5,1,14.663933950113313,79.4872713766672,1,264.28369815666645,137.874652367693,2
1,0,32.423480505725095,60.939564351387205,3,427.04935132179446,179.50008485854607,1
1,0,33.15118384480368,57.797619196367805,3,458.02264159993325,292.09499991301004,1
3,0,31.149782403411322,32.724196888121554,4,441.296987678847,180.84322315490115,1
2,0,31.87884109879915,47.401751618934355,4,369.41863125255634,242.05247815931153,1
5,0,15.628898566639995,85.86059825311798,3,154.94469838746969,72.30863345289748,2
12,0,18.080435010145585,53.50943779701,2,210.74798779680492,104.56686649686347,4
10,0,17.862387560892433,62.8020312334061,4,118.42522547279097,118.39751299151413,4
6,0,22.720716866961578,61.921300739055106,5,472.32962999604564,69.02279308201375,2
7,1,22.59945970423274,65.4258653893616,5,364.31941187636414,102.08857827006793,3
4,0,22.490207040205647,33.67985733859696,1,398.5451537252966,96.9059744390119,2
7,0,10.165474213936987,51.7305752879237,3,224.6286958328916,57.10374214033412,3
11,1,21.243182267033326,73.38769643295325,2,438.26140891093695,131.8307817675303,4
8,0,21.380145851665073,42.03361506437898,1,203.8413134833914,83.56824006428417,3
11,0,20.175682342827127,42.214702652781625,3,100.65750284497987,107.45821975518795,4
1,0,32.562646578914524,30.605436401341485,4,250.56598500827758,227.21763523997015,1
6,0,22.62955557245063,56.24891559649258,5,328.30459238362937,101.32605045704423,2
8,0,17.054785811526784,82.96406284040532,2,291.48194318620904,60.722239420848744,3
5,0,17.530753202326707,33.11405661523854,5,444.8304570306388,92.34820092493328,2
4,0,11.870710853670857,41.46712256976016,4,142.16211438246677,95.23667592065702,2
2,0,28.853758830473616,48.605072300565304,3,321.5293762534902,260.0464260546673,1
6,0,19.650477698676767,73.90348419385278,4,305.19173992836295,134.00188319206984,2
6,1,21.70599664220912,68.43813556815519,4,212.5571928688652,104.4982278100018,2
11,0,13.258136465368159,54.9566342749113,5,428.8912450308042,58.678295406499046,4
1,1,26.378228991592355,75.54413635550254,2,401.1394623528825,185.52742058948195,1
9,0,19.945630067507384,66.57786069941412,4,393.1436749327324,66.49340268527311,3
12,0,10.02819825287366,83.76244797943315,5,450.4769913078224,62.46150631891247,4
11,0,12.675588764609948,79.08160494832158,2,389.1138402486085,86.58992986178076,4
6,1,10.436070705159306,45.16881636535203,3,192.7365166858906,72.9393502154382,2
3,0,26.66885117854871,46.286314658052014,3,382.2250846598764,182.74546677172685,1
4,0,12.719789198882578,37.52138854754314,1,223.08112535593753,55.469317457626765,2
12,0,15.815103921255913,50.21788354304739,5,196.8698601389882,51.76700447954339,4
11,0,16.03490687029834,89.97263512314566,2,129.20143715985094,60.27682426497818,4
4,0,23.113937059153567,54.345070116903656,4,397.6114321390707,67.21974794236331,2
3,0,30.10109712498825,43.22930608134638,3,384.4003847799245,214.64755932723045,1
10,0,20.851071484184295,75.74897306853319,2,193.79979106963748,101.05202612988447,4
3,0,26.041373579202876,62.54826020775936,5,399.75160668966237,171.08878772600485,1
3,0,27.25438755463694,38.97608697161715,1,467.13635323742125,213.71750122862795,1
4,0,20.544151614680153,52.84138086965194,3,143.2115829966317,84.17488423259273,2
7,0,10.79205940702792,54.8681829323606,2,193.05465535470998,68.3423643497956,3
4,1,17.298964933656297,75.22978203415312,2,400.1043176349262,50.68407481483636,2
9,0,18.990534484944007,31.240282133514267,2,209.8026694028313,96.70178665217418,3
1,0,31.02145644052481,46.141178807898626,5,349.8655897134867,252.84776238977992,1
8,0,10.34399216902063,61.055778078931326,5,132.4656897854858,72.6277334143807,3
7,0,14.831620063437782,46.1308045471706,5,280.88099164141545,63.180682989667936,3
2,0,31.36490651049154,67.70604284513993,4,395.6365687971812,283.05641166704424,1
8,0,12.234996042238652,58.91204875647699,2,374.605577217301,77.50247724877977,3
1,0,31.95415648328053,51.70261529157484,3,426.02884027032275,183.54189296889973,1
11,0,21.18887813220512,86.95251761223074,5,450.9808506412675,135.7096939609916,4
12,0,24.72953785669218,67.92956995118745,5,409.2734005035033,131.71070991667614,4
9,0,13.147629922846141,37.79648233607647,2,368.63509717557037,94.83464705246337,3
9,0,22.376960014991727,63.60550184660373,5,112.68899672641246,98.92388614277745,3
2,0,30.20296576918654,76.84391119205407,4,313.98666936377765,182.6623057251033,1
7,0,15.601938942162601,72.50938184956783,4,115.07908996594112,57.83016704795575,3
10,0,11.83565135987767,40.32535375771556,5,423.227126846409,107.34318253556611,4
3,0,32.35505606487538,88.3451999424062,2,228.28980978398303,164.75173823853197,1
7,0,13.537863987155307,56.92881874479636,2,324.9717496471684,94.92745469566498,3
12,0,15.571330028095687,39.54150022441568,2,211.77812292756104,144.04971985130106,4
10,0,10.938133403460526,40.811745247688876,1,413.0000577521174,145.28343891705845,4
9,0,22.020503737292785,35.89409953134483,5,454.601010656761,73.93322865473586,3
4,0,21.49882785957465,78.21108650609605,2,259.4569976852256,112.41134200456544,2
12,0,21.004237450634687,37.32182965931092,4,445.1689574043956,97.40762641078577,4
1,0,27.994435104918868,37.50751542850482,3,206.83000298253296,281.35276913791586,1
2,0,26.734800742659573,81.02829688565026,3,313.8643692302095,190.71462964140798,1
1,0,31.375532644702297,50.67624506685358,2,443.5045719354816,150.55536102486252,1
12,1,17.442495761698293,31.851474258484348,3,230.35253704631614,66.2561205931415,4
5,0,12.673787003569624,33.113717971104656,3,481.6169060312343,84.9522801169398,2
5,0,20.288669065747953,38.530226802233734,1,148.75180071255346,81.57211297704886,2
11,0,24.866896477319557,42.803600878541374,4,107.31002788940249,129.13629191228858,4
7,0,21.208293816130563,69.90877165430433,4,461.65414103127625,118.05606661388379,3
9,0,21.099795800284177,39.43957680010969,1,127.4594664591489,79.95563196148973,3
9,0,24.254691293958878,37.132463470624316,1,496.75567837899666,95.77438171662133,3
3,1,27.02936367574902,75.88314848857675,3,480.5587447916424,164.3338655937503,1
3,0,30.655499649214406,70.26331703159487,5,154.80836401452825,284.7219667230151,1
3,0,34.796467150338835,56.11945328731417,3,315.0338502770263,290.3137236672801,1
4,1,12.479411664552618,62.95858628880624,1,173.96811898685775,147.98035353809382,2
8,0,20.503779391667813,48.71904121958511,4,271.26206921204795,136.85528307858377,3
6,1,18.787152189578528,58.95002521412164,3,124.57005170393307,67.39608876962255,2
8,0,18.797186382830603,60.40035893896474,5,189.5698351186358,54.61964832016288,3
1,0,31.97670627520075,53.234236270685756,3,245.3091185595598,236.9395091119011,1
8,0,23.944253843135265,84.39433264032976,2,275.45900009842194,141.26050268831102,3
4,0,21.73872909777007,30.963711898860367,3,490.9985032835573,67.73513616597428,2
11,0,10.84204155124315,76.93027578547478,1,423.1462582735925,50.70429146241418,4
1,0,33.52728019875711,37.462969874479455,4,394.9639777247785,270.8244069048367,1
8,0,13.383119948885989,77.85284163223196,4,314.8165258967897,57.6795684286734,3
4,1,15.65371247104558,66.95471494060328,1,435.99910424173737,91.37060319100304,2
6,0,16.925992204185732,80.59668545618413,2,235.72913426228445,117.8887337188785,2
8,0,17.213590011296045,35.85085953845385,1,383.5596451093264,73.67975854561801,3
4,0,16.527705988830352,63.538838045986445,3,497.51359015126883,58.39625634467267,2
3,0,34.37353294215865,60.065272815731824,1,225.85156357407953,265.5031842683743,1
9,0,20.590285114960366,72.37159097780152,1,369.60701395358694,113.01750848870415,3
3,0,31.311706459567063,62.05743311362055,2,437.72594566095296,298.2735726730207,1
9,0,10.747630416744123,62.444074027986254,3,466.3230333402689,84.43080333199593,3
2,0,34.039133302603744,55.77575661456388,5,387.17307637604074,159.26435794352994,1
2,0,34.093901920083965,48.53006544044045,5,213.4431693668545,260.15250530029437,1
2,0,32.80213063430102,58.935861675131534,4,230.5128606275786,228.26001282798683,1
6,0,10.105438057204287,37.10954152610404,1,108.30321284958569,71.3203931389135,2
3,0,25.572802510776235,87.69080033898508,4,404.3543910686039,267.25934835071394,1
9,1,13.378355534027346,72.8646458175959,2,117.09584242478056,70.37554858499438,3
4,0,11.9702411221736,87.1480270012708,5,445.8609418410983,76.06616548329366,2
1,0,28.988360297037296,43.603642939797794,1,147.46424578981552,163.87928315500787,1
4,0,23.839345871316844,82.76046121059169,2,168.7506048543697,89.94322790308544,2
1,0,29.72060434196998,78.5273990738123,2,290.61058833289496,212.83938359061284,1
5,1,10.201039396482484,70.62914474746043,1,395.1521660674969,101.45617903482984,2
4,0,14.24118534368143,67.50175116511235,2,155.60088207963108,120.89642671237775,2
8,0,10.668923625594424,48.9929799160722,1,276.0284300265994,140.61009286804259,3
8,0,10.544314339202533,78.98464709790184,1,293.1405097640419,63.77340988878086,3
7,0,14.135797796433284,60.09092768878403,3,184.91425666743652,55.4348098348657,3
3,1,27.756123386789454,34.253494553477125,4,146.2233506722527,152.77968503915,1
1,0,32.87126602601604,48.7717896513078,2,434.5683691942558,171.54320671032244,1
1,0,34.74834652781112,86.11782591271967,2,300.9862599051062,248.6924228672439,1
12,0,15.568106408349975,81.04081563629077,3,105.7524943936612,122.74770779964966,4
11,0,16.43330318291558,88.91434188459235,3,421.1925205236415,128.65057135281222,4
3,0,33.44789436286021,67.67960295624589,3,492.3175221658339,186.5562317856514,1
6,1,14.0220853014327,44.85060438842471,5,342.37047816569896,80.589481326152,2
7,1,12.345727066051719,39.76890298061183,5,301.48335483362825,98.31346455654995,3
6,0,22.796344351054756,41.2148664365077,5,451.36634521798464,56.31830968602265,2
6,0,10.697508796600982,31.187739500835264,1,481.0067158738394,111.1141523211246,2
6,0,19.295491602991234,53.44092665915635,2,401.8147663609842,148.37350336757578,2
3,0,30.619928474668068,41.48566082997255,4,278.18117189371515,204.12094670670038,1
6,0,15.188806712525414,54.69932762740214,1,336.8885597325762,125.2847475091384,2
8,0,14.727842816460385,86.09966591032592,2,380.37414600719967,100.00339155696079,3
11,1,21.57786589272432,55.8324125704314,2,177.70942840072058,62.781184436038274,4
11,0,11.296369161438196,82.67906981909009,3,278.8804128865752,108.22374488025864,4
2,0,27.367843093113855,66.3302859969526,3,431.928505886914,194.98114026660974,1
5,0,20.986730977571348,44.827893279683515,1,361.8901393993772,53.44032084534582,2
1,0,30.483205837264244,51.351285555552685,3,264.4816268847417,245.23945951766157,1
12,0,11.919823128003795,35.03517214928576,2,365.34501360587257,135.89323493247275,4
1,0,33.821356142820605,50.00775561576063,3,147.28896482898395,201.71546503498112,1
5,0,15.901717698453872,70.65245673021204,5,260.59904422595054,89.02955472127705,2
12,0,22.41802562983259,34.326665575766114,3,417.2514151852225,139.10216829672115,4
3,0,32.87713015527709,42.324084508681764,2,188.2035148546592,272.0413220051034,1
4,0,19.366381697075923,52.886462484798685,1,174.38460302296707,121.49528235517771,2
3,0,29.94481131295093,88.92297222095775,4,480.32746396657257,187.3195595629722,1
1,0,34.79550840381757,77.09170937753281,3,183.9590518344923,286.53249824499665,1
1,0,26.44965072379817,74.00920478952622,2,204.36743186006723,173.16236363088194,1
12,0,20.87733591326672,36.971457391526755,4,487.84637556173516,112.67705194172218,4
12,0,12.867860521971835,76.8597536168995,4,393.8834281060103,52.880118054651874,4
5,0,15.073946579985225,77.1161286909609,5,379.8386132094113,114.37198063249458,2
6,0,14.630481150597928,66.0661617374597,4,441.17055354183253,77.71443518733598,2
3,0,34.47035987738723,89.4217069199023,2,146.3292328947177,217.45154657755802,1
12,1,24.51034266682413,49.51523435547311,2,382.3824946320029,84.5264552057053,4
9,0,12.745231663520908,86.4763468945111,3,301.47544373129557,67.27567562462099,3
5,0,10.330527404462563,84.88386689739022,3,431.660256113656,112.19807900938741,2
8,0,20.800120594946698,30.688839584962672,3,303.2566874660777,138.19755551406075,3
1,0,29.179899338704843,57.00699158848866,4,348.0965417075648,293.8626363423605,1
5,0,11.332603676313466,88.6262539830944,4,291.09685055981436,69.2346363153915,2
3,0,31.837541055770426,36.18728174448455,5,291.26356942233764,257.605916109446,1
12,0,18.176582923910495,62.86708166299917,3,407.1879912247326,116.43393666056822,4
1,0,34.80516822001106,88.73745042246625,1,351.42656025891324,201.5066684361859,1
4,0,13.411142437920685,63.32972544635161,5,353.30528064376415,51.909919935372585,2
5,0,16.059668144898225,41.38891817832936,1,280.1129935326103,118.97912473128662,2
7,1,18.138187050931343,64.93099380555539,4,312.44379853501107,144.54948605595,3
1,0,32.91699988453352,42.26643443697281,5,398.2870664819149,244.8180182873477,1
3,0,30.488386567200585,61.182255773669056,5,430.3763676447673,215.29390862814512,1
2,1,31.129001608619493,34.44253307474088,2,378.62456085761846,228.77308411674426,1
9,0,13.392205773849112,66.32896015286428,4,469.6291955382732,69.96288076599176,3
10,0,22.703780921328395,61.00739634768949,4,428.1296352588804,125.05441637537376,4
6,0,16.429458204557136,74.4096821256878,5,324.7455159238074,124.64198300098491,2
10,1,12.114394412826538,67.8420282695271,4,368.56242905749474,64.55173003874249,4
3,0,31.641879145054173,62.9763761118454,5,470.5233107684784,281.6967573749489,1
8,0,13.241356797779613,71.38673095488727,2,347.66721769722335,76.91897394733053,3
8,0,11.463437653589496,38.63651481433385,5,429.92277919193225,148.2256060936615,3
2,0,33.61986908404272,65.72157967551624,4,375.5242014359948,207.43545210558688,1
6,0,16.902433967326594,40.326636169366665,4,320.7745444241866,67.78840587344996,2
7,0,21.239255690436647,85.53133247111285,5,196.73527816614126,85.17201113456522,3
2,0,27.905875598063552,34.10004629073625,5,270.39900778737126,216.02704930457895,1
11,0,21.804552023764995,55.822484981447595,5,487.09712993348626,56.93077730382949,4
10,0,11.679038905322955,71.74784865932669,3,363.10615330904,107.82183812232896,4
2,0,28.559733737948527,57.48133270009552,4,325.7581521355959,239.64486598033506,1
10,0,24.670927269602927,35.52571519397414,4,473.18265021129093,123.89304553494722,4
1,0,32.93989716368006,63.202740967602445,3,334.6047124149795,154.3754838436115,1
8,0,17.45883895472032,68.49791452964126,5,310.4330073669612,104.12382144338301,3
1,0,28.39777471561885,72.22753865943045,2,403.7243420600821,157.93611499059966,1
9,0,23.08203550033715,52.39558886776554,5,385.0662475946178,120.11442199666534,3
11,0,18.172716386267737,63.81959826172573,5,177.2640033633731,55.57279857009845,4
6,1,21.376375268036668,57.04118849633478,3,288.5233098296485,141.17278483416328,2
7,0,21.31161520474246,70.32336232513521,4,289.0061771278341,120.20825668844965,3
10,0,10.269185178527378,65.01341803948911,5,251.2898060973379,100.73897650851572,4
7,0,11.893806741889202,61.54537317354809,4,306.91739286090126,94.15039232811749,3
10,1,19.89444049592113,44.971462010294914,1,265.24295909085765,63.06726304132624,4
3,0,26.616198112858715,30.121111064894034,4,179.73819578847326,193.64990843469946,1
2,0,27.554933446556046,40.444900518685756,2,264.94659490987243,280.3438657531344,1
9,0,24.199569312994107,37.02396248545012,2,128.91077902927063,140.4452811562494,3
8,0,18.402733875623678,56.94508470065681,5,330.31434510976464,50.07477083705311,3
12,1,21.260942604990205,66.73548904571068,4,441.4618195764448,109.41363914775513,4
10,0,18.3697110817396,42.785100521088495,5,390.1148337418221,121.93006090251136,4
7,0,18.287704221740878,86.34342575803123,3,244.1576160216445,111.87469824576063,3
9,0,11.412278651885469,30.400927753433265,2,134.82848223092327,58.167976486635396,3
4,1,15.154947889136546,76.33806090992057,5,180.85975969010832,71.77248987989023,2
4,1,14.236463480297676,67.51228617182653,3,318.19613619793427,75.0340267381386,2
1,0,28.907283656136133,52.413288062860914,5,182.82283335321313,274.75869469576344,1
8,1,21.975162823364926,33.02933666474448,4,317.589244513987,96.31994363089206,3
12,1,15.578990018752972,67.64919430705676,4,192.63960990555955,98.68282119412368,4
3,0,29.516968192316828,53.13681077193888,4,439.5695477904291,290.2339569831763,1
7,0,15.960720857279748,86.17602836479315,4,258.9085891361839,113.70858888547156,3
12,0,11.401119579629434,62.519404493385956,1,198.22025037779642,139.86677015526638,4
2,0,29.410721582507836,86.37909067761049,3,424.9304720988246,218.47632830122996,1
2,0,26.95609273044515,43.22902160839824,3,237.1355859221803,172.41543877774413,1
7,0,12.800849436595623,73.5435546218462,4,144.5950751355128,142.99355940740855,3
6,0,11.410541566513995,67.03494125092354,1,328.16379656145665,95.87051156675383,2
3,0,28.566709741417647,74.36449378987871,4,332.6256817751955,177.2447132818233,1
9,0,21.36222827184126,42.88007183835221,1,385.87827009429367,80.23957403039222,3
10,0,14.146625358750942,69.89967097426643,4,196.08777328335424,55.08025896889423,4
6,1,14.685236528282704,59.882423583412134,2,277.50853563689805,96.83005914563851,2
10,0,19.640119865086355,74.56949849437898,2,212.9471676170625,135.31281719102367,4
10,0,12.937612188803783,49.62267864910906,5,132.38149444627524,143.35804560066893,4
6,0,23.454368956353015,83.40342152791516,4,450.64553080635665,143.26022075036437,2
1,0,30.201905232515543,35.05807887668102,3,391.54792179533644,168.784503844312,1
4,0,16.714044104803254,78.43135912747128,5,220.5852237835203,88.20538825110569,2
10,0,18.36730287893802,81.67917754890544,2,339.74919714879456,52.82287596507064,4
6,0,12.490514701242931,79.03513868200926,4,180.50551525378899,135.5165344971473,2
6,0,19.202097079587645,60.76358365570656,5,456.09464871830835,85.87557620212738,2
11,0,15.446511049510157,56.30309880184568,4,145.96253734476412,113.11170278922347,4
12,0,23.457795114469285,89.77573719149261,2,101.53485820312036,121.48984380772886,4
5,1,12.532813100165292,43.750317072849725,5,300.80327909567285,92.98446697431554,2
1,1,30.07051103865441,62.81255795256268,2,333.25112938114773,195.96635048253646,1
8,0,18.971689440535272,70.24053152293953,1,331.58612811832177,146.22129101159447,3
5,0,10.500754026795718,72.05205815168591,2,121.80477097513051,146.44882250238544,2
12,0,15.455396871342103,42.24147994431472,4,225.61752276737298,78.94363680300219,4
12,0,20.989528520512494,69.23964554038807,3,299.67957873653273,97.96250967444581,4
12,1,22.305662611734597,79.10217398888024,2,186.63167425089637,147.28441586600223,4
5,1,14.697429922259236,33.001114609266736,3,449.05035419435853,50.486840765550326,2
7,0,21.97889908574127,84.691277599519,1,134.84371578457362,91.26782483791493,3
4,0,24.51633815655083,31.770243308712356,5,294.9537766688171,60.045754968096844,2
6,0,22.853109041126412,51.35826194930366,5,376.56642300526084,100.91579655626026,2
4,0,11.764659822389877,30.948791773977725,3,204.700440053793,52.466995454048714,2
3,0,32.39730332085541,34.62871011237491,5,349.69629479900726,211.0347647085942,1
7,1,14.79500248660817,84.67009711080475,2,431.7540600569498,72.06990747853351,3
8,0,24.82623984118115,51.29164984476887,3,176.13479003801902,103.33083624587408,3
4,0,17.28038474739831,55.48629182550317,4,466.8882367299451,149.59936491006997,2
2,1,26.224338983589412,42.92066288295316,2,321.4234130649432,270.0804157690121,1
12,0,20.877783220410862,65.82574621120318,2,219.69280172042423,134.56420916244213,4
10,0,14.845167975793208,65.68819288066737,2,272.3433101529083,113.52649873590809,4
3,0,34.97078157081662,52.33202350951316,4,224.8767535145552,156.23397724083878,1
1,0,34.79782457854522,49.9820923083239,1,390.04446397332646,181.01965140662162,1
8,0,19.842010270308712,83.09785849083526,5,418.52026536605285,142.5064556447055,3
3,0,26.298264489517177,52.997054378532084,3,433.1749569274644,204.91696768931268,1
12,0,20.302914965125435,59.61005952926449,1,494.3072998342965,60.36367264807956,4
10,1,11.395457296900409,46.998285745495835,3,416.51371699867343,120.2405365866202,4
7,0,10.440462386535884,77.20617020142764,5,340.55362827542535,79.94577239342547,3
10,1,22.34437669332229,53.8468894139455,4,235.6881193567135,76.88569129041717,4
5,1,13.146294215255221,60.81666279265947,2,317.83817948429976,149.79774555582605,2
10,0,15.685406893286462,45.20143020357968,2,116.42726911616217,135.81389250266545,4
5,1,24.6018608496426,89.25957554047511,4,397.93003021196523,90.7937818367841,2
7,0,15.05260752791655,47.48974445542338,1,278.3822180368407,148.02612078164992,3
9,1,14.44734671924973,76.24455185433311,1,108.00929189287504,115.01132234192136,3
12,0,23.773119994341627,55.64973902140555,3,125.00277660416432,124.20224518797602,4
5,0,11.661226679784372,42.373044305048396,4,254.98658552870265,53.15130430822116,2
1,0,32.59582410114632,77.98312583789166,1,333.36860760737403,168.24078890220858,1
10,1,24.82098349979161,50.01640734174259,4,285.68157958085067,113.30851264962384,4
10,0,23.519440161619734,81.91160084386865,5,347.681726916862,139.90239826494837,4
1,0,31.51667918706426,84.91543109506938,2,292.1177035165423,243.56155891313935,1
2,1,28.140607949927322,81.58943012347655,2,364.6815381925387,170.10373414784877,1
6,0,13.814829717674751,32.10047488840834,2,187.65042586832035,61.57600462463246,2
9,0,22.288826573071916,77.24240070030633,4,145.13727487344858,134.41858958240817,3
8,0,23.197328709275432,54.680367989948635,4,338.57358185026396,63.93023387079143,3
5,0,17.881523688185393,82.4233752109335,3,293.87580677452297,102.02319605040253,2
1,0,27.44339940786466,68.27725576108432,2,110.74706161797411,155.56699799434534,1
7,1,11.694148126167603,80.0185880486375,3,252.19275419721436,58.066976739117734,3
5,0,11.307692017477468,59.965906192010124,2,142.45023419639818,117.23482676428648,2
6,0,20.786161710307834,62.10153027593597,3,312.5427327010781,118.91814104275167,2
7,0,16.301780917715874,38.66325792802003,3,258.3110718641723,84.14694066084424,3
3,1,34.0535987427787,77.03924152136133,5,345.26076444120713,182.3414647864567,1
12,1,21.095069510901453,55.1633767000183,3,422.24088750809534,131.3710270757308,4
10,0,12.868906268718801,60.004807096294954,4,219.86747353659632,71.71032294698904,4
3,1,31.13777418815699,77.10586284574245,3,484.840841666011,231.30406044995695,1
5,0,16.532581815972392,65.93072400476635,2,314.25380023502976,146.82088408629056,2
6,0,18.658745961529196,42.065923646560044,3,347.3163195019152,64.78524378623838,2
9,0,21.071036850077757,65.41395954905357,1,372.2689492902948,144.08762674947087,3
12,1,22.09293821505686,54.45797147877934,2,366.6926119430359,68.28930530686686,4
5,0,22.656059896100864,58.17153252263176,1,304.38829721802483,106.74432080232296,2
1,0,27.539748745720246,31.698676464160066,2,271.5057164458734,206.55115679381169,1
4,0,10.466733998760365,42.6017609709769,4,121.51278567095116,146.4928601501826,2
5,0,21.089421027471598,46.862284882861694,4,108.8343381204719,77.35420290019368,2
12,0,11.595155893836619,72.77760047152834,4,243.18447781310587,89.96580020857536,4
10,0,14.723793829194515,30.68954839788692,1,233.46435625347706,148.28601178554203,4
10,0,10.057257011865207,54.52663567374792,5,255.0780619356027,103.64703911884732,4
5,0,20.2250422360243,85.44161222554396,2,155.347280355276,100.26301156212534,2
7,0,12.50698017206832,36.71283699294743,4,395.26730821473745,75.77784882039913,3
4,0,19.82923614537487,60.985463293116666,2,442.78576591049557,120.13635603104414,2
1,0,34.917426171678386,77.19134294345082,1,475.485854149614,152.15594276666664,1
5,0,11.090063074150244,86.551878451207,5,296.9449214078503,54.95126297022935,2
7,0,11.15617017927191,74.80659837202307,1,380.3462796501714,109.93585871358027,3
10,0,15.105701390000124,73.23393291866437,2,442.220449374349,84.16745738184541,4
10,0,22.99579771377013,79.58928541174575,5,267.31644443739435,145.33163722009607,4
6,0,13.232948031869977,56.77207325865262,5,223.76511794817776,140.31906907227858,2
5,0,15.405667298955214,78.35067195706998,1,474.68982234139605,121.37062586767073,2
4,0,11.027581099404694,30.47786428472707,4,306.27062043082924,131.81455811278013,2
2,0,32.631552912588894,85.4736633226083,2,298.9015546363512,250.099777450154,1
4,0,16.124595141391765,56.59839057103052,3,171.3664386253983,62.558210271016065,2
10,0,21.388730995912642,63.20281127194485,3,143.26200582934268,126.55433696892027,4
10,0,23.55411766520193,45.29293493489294,1,436.84274499340466,71.01919687188465,4
3,0,27.327631471012886,74.55184997042528,2,345.6532704750072,198.5164282650295,1
10,1,22.110940455099268,34.59814838851493,2,230.32983360777948,131.92342121024203,4
1,0,25.590938900782533,82.35814815281012,1,176.69448695610657,230.47884125901723,1
8,0,23.48271082270371,79.68700974038057,2,322.1989120678526,135.99407141834092,3
5,0,19.76152821338121,42.96360697468599,4,333.56771570445414,71.30353198432641,2
4,0,23.113400862075274,78.55946389711573,1,182.79744049802326,110.77784386068872,2
8,0,10.00282599334873,77.18146398368889,4,440.5622991565896,58.37909725482616,3
7,0,12.536216055339889,67.93299586523693,2,133.70574646234044,114.30609935400297,3
2,1,28.89759387426492,52.411210613981254,1,242.43723406656866,264.3801056663302,1
1,1,28.795029033747184,46.28992525091207,2,372.15376550500883,237.73963409680823,1
12,0,13.40095574385266,43.907015417361,1,209.64814552768027,76.62315014988103,4
11,0,15.724179098008001,49.11653776581643,2,431.07007791250874,53.134266885886674,4
4,0,11.932730680003822,84.21350660595182,4,395.9471306401614,61.94488839642858,2
8,0,16.19141693899039,34.658446559326876,4,415.6091378192537,112.23029790740262,3
12,0,22.03531493738896,79.73227657517752,2,147.6426143506865,143.44202168425136,4
2,0,29.790700631033513,50.93340450250942,1,156.21885119821718,180.98016059580095,1
3,0,25.18000088945215,61.29596376068149,3,214.58949509783344,260.2539223657648,1
12,0,16.32166062368871,77.66913801890945,4,307.2308660790244,136.64510632490413,4
1,0,25.271750160908443,83.06259282137827,4,399.20643067976096,228.13232676712664,1
1,0,34.66243410706798,50.686885204358816,3,434.6123563043614,250.38986937654866,1
3,0,26.27453959422869,57.71060887650662,2,381.7341263828722,272.2522975014222,1
11,0,20.61532489495928,54.870963889007534,1,471.4387526122553,76.06751577405936,4
5,0,24.59164484338129,30.795062010234634,2,395.4974038463721,79.6895674268043,2
12,1,22.390585774998577,47.7565733315194,5,222.5071548018459,50.06275166284561,4
3,0,31.993153751262035,57.55135402395371,4,206.03251373542903,294.4641196346704,1
1,1,33.39460909500767,54.66561653282639,5,378.47698012043594,287.6317341894517,1
1,0,34.817986932606274,73.31575365094076,4,177.14822747584572,264.68523956391454,1
8,0,19.320167458802942,53.08821703326619,4,137.08592432410796,57.907602097664814,3
10,0,18.387772102439897,59.36258693824021,5,312.88914994247756,94.75028896995082,4
11,0,19.42357165694922,55.7765155279418,5,428.6566279115821,60.18917539715528,4
12,0,17.990138301423325,74.43756893366222,2,140.5519369879454,51.59202672627986,4
12,0,19.526336588645783,81.77834393921776,5,416.7565295182917,111.61829652125974,4
2,0,29.498422079725593,61.91334474045085,2,424.6288017406192,294.1244125620283,1
3,1,27.18443182883307,77.36593165171146,2,292.9096000326174,285.43020351482255,1
2,1,26.202472265116757,47.80720092119104,2,122.92412400419472,254.51322224031065,1
3,0,25.683409355322603,62.482176609436124,4,169.83594049887455,164.4960876247307,1
7,0,13.949736756298002,50.713797220198344,4,382.97051006477295,77.41640376723001,3
1,1,25.461235643357337,54.85205553430982,5,384.7111779963798,198.00850903279365,1
10,1,18.507561698790784,73.94483188876012,4,459.34211006706613,126.31500577455613,4
8,1,14.257426705352804,82.89974893996276,5,333.0744586218332,130.2249179235114,3
10,0,22.368022121305483,37.28972346526592,4,149.64294708551097,88.51061229899204,4
10,0,11.113613094825796,68.07835538924283,1,148.56596220198884,91.78839966176096,4
10,0,13.395272415122289,64.92862845466792,1,388.45294294272946,54.450903927617134,4
2,0,32.30246147090146,37.10490235055591,5,173.51386604316048,193.37050776281416,1
3,0,30.988082963834913,42.71365982640654,4,231.35419984664213,217.692776576646,1
9,0,10.967369068737513,48.66014968396082,4,294.88480276876555,61.698304638525755,3
7,0,23.158591857433006,40.01586424905009,2,109.90595103046049,95.32674607550214,3
4,1,23.15892644239269,44.623768951460505,3,199.52761080797274,135.31758122578003,2
10,0,14.956120058136609,46.05604793170245,5,263.155843402912,108.13210197250532,4
5,0,15.10608765024347,50.140429982343576,3,211.85452739728248,57.89298550384123,2
2,0,34.89028358350174,74.96342716806954,3,154.54813098702633,178.75069782454113,1
11,0,19.39264257389707,64.31473223103603,5,391.20490311847897,97.45443501585562,4
8,0,17.969747808520886,89.17480031708409,4,425.25906206719395,86.1487149821812,3
4,0,22.572282753278866,54.88414961804826,5,202.99159045748993,85.87270195460988,2
9,0,14.279355075359746,75.23190443021551,3,409.7677978425213,102.92674481435901,3
5,0,16.437738900945355,82.28810528259203,4,254.22142576052553,108.43959215894574,2
9,0,14.016650132325012,70.73870958228252,1,302.6743163416011,129.68615702761912,3
4,0,21.83741269883097,54.71188442504976,5,442.4004299572611,84.09665634624847,2
10,0,18.600240184528268,75.21567784474519,5,399.98147272096315,130.5466283040587,4
5,0,19.88237605210106,42.22002826636109,4,422.04674052647107,83.86112291126325,2
9,0,13.784608747591099,49.65312991080795,1,154.73806663454272,55.54329889412338,3
8,1,13.303379520659727,62.801115305957325,1,127.88777033349179,105.41876510047912,3
3,1,29.88374628982939,64.5245632371689,4,457.3618916351948,238.18534873422217,1
1,0,32.37565749092827,31.328488528357767,2,255.13370782843774,290.181036843279,1
3,0,30.252397575201602,86.70685132536053,5,215.15187122787233,258.9091989093712,1
4,0,10.48968516318503,71.7976362730434,5,389.8785017047298,141.77726524944396,2
2,0,33.685515063202885,59.74222501391346,3,434.56623863194267,286.25208153645144,1
1,0,25.646868935151314,85.98763406449851,4,444.9958487593204,240.68611653873631,1
7,0,24.337367255811284,56.345733915049706,3,226.39885645009093,102.77620653364475,3
8,0,10.377129374159091,88.8261342162223,3,440.8849564806696,105.74409671635999,3
7,0,20.416756841960634,60.73708543460911,1,116.37357774973816,147.83308076772477,3
5,0,11.233105955676725,36.85714619987877,5,119.86459658388755,127.31676917469589,2
12,0,23.66014869152709,75.88805834755664,3,349.40767806966176,60.62659047923958,4
1,0,29.644332362255426,70.73386350467044,1,125.2425476462185,266.76426101721,1
7,0,12.06285662225523,76.37920327833521,4,229.8436674040646,67.05380488982259,3
7,0,15.112235496847699,87.08652172354087,3,369.1023944987696,94.73505490056257,3
9,1,12.47237013020143,76.58935815906108,5,234.90675842169054,71.04596721765343,3
3,0,26.7058191155709,66.68019613299882,3,171.8399125760384,253.43745982998445,1
9,0,24.221624802571633,81.43853414165045,4,212.54024874153666,137.73097361930357,3
1,0,29.452461122847883,70.39478636127188,3,283.0301329001727,193.55428280500215,1
1,0,32.888022639053595,54.48714340955539,5,290.15434214219295,162.30161118122814,1
4,1,19.594083417665228,83.13718585450638,1,413.20009253888077,79.84930980749633,2
9,0,20.146395435075885,43.314027647062375,5,400.061291772605,117.23618579321943,3
6,0,11.975401577080579,72.87847649452345,1,282.7271218224541,82.876012755445,2
11,0,13.512766702232284,82.89380729644542,2,438.26693963950856,77.81121675538034,4
3,1,32.86750335154437,73.87899118219778,5,145.69485543655833,177.66527858763973,1
1,1,34.70766206474783,71.83652514323141,5,202.1413400915606,224.62746403116503,1
4,0,13.940134638979776,75.15829764431015,4,431.1905854009006,77.59488281571876,2
12,0,14.073531471265598,57.90331489803866,3,251.19761545046123,123.10103491394831,4
9,0,17.093456992163574,82.45024092942157,1,492.4726235175369,57.66224019922027,3
3,0,34.838403128554376,42.20618850816547,1,286.50131261113415,249.60495496669762,1
12,0,14.034384187397066,37.643184960020356,4,416.77424918550565,73.75600145677699,4
9,0,16.104578644513957,47.1305268071107,4,260.9228165529488,98.92792610516031,3
7,0,23.3722002343526,61.89464380649959,3,269.9814076249721,78.60899220312606,3
12,0,10.04381548932043,60.63370772456028,3,253.1532589136734,122.27686760107956,4
4,0,10.596489474828543,79.2359254605952,5,387.6302482043247,144.5307040251637,2
3,0,31.040716770712194,54.27411938424105,2,319.0071536239978,287.561516920472,1
10,1,23.610702470692704,59.06066557749052,3,477.51124454734764,108.3426215144091,4
5,0,13.582849906028915,30.80206099556374,4,200.3561266136419,96.26103032569785,2
5,0,17.044626620210636,54.58435418657635,3,140.22509283337774,131.83005094393818,2
3,1,29.50465301657818,68.86645397702053,1,257.3045940396861,252.4989543941595,1
12,0,17.094570191432652,30.93049983759553,2,346.6850830587104,68.35641142169328,4
9,0,19.337795435946177,46.85291791117463,5,444.319574766198,132.09192136130002,3
4,0,17.04615644486026,42.477381557363394,1,238.47875467213106,92.88843893947102,2
11,0,16.712022119836867,32.5191257345753,1,361.51470044978464,68.89856599711752,4
5,1,17.114326306468907,58.75560539487225,2,240.07947240928763,78.17973503964924,2
4,0,18.863011619065624,40.90339759368939,5,346.88783319778327,76.75270302483423,2
5,0,18.055112325270375,74.58489237788281,4,453.92317881226035,101.92069746034602,2
7,0,22.812039964757567,80.87567302580091,5,192.5430569037636,73.43700906778756,3
9,0,10.742452802405,62.735110960148866,3,261.6966568428156,62.35664874015762,3
7,0,22.499756072095188,88.90244055126848,1,497.30607857189864,62.36908506137607,3
5,1,22.65886918917586,57.02871428823572,3,447.4228112997843,108.32761971390966,2
10,0,14.273620322964412,60.802092613494935,4,325.8559431584808,123.47592888493786,4
10,1,16.94277932523776,89.35306523746502,3,306.65103674171013,82.15330088383408,4
7,0,16.578077328061532,43.89290615790293,5,213.8401529218724,53.46507098140171,3
10,0,13.277647515311955,86.55275638061431,3,306.8837710774118,62.722488693701074,4
5,0,15.951952706294747,32.57025330714679,4,439.27259931197887,141.4694560337057,2
3,0,25.443877721708546,56.783213415791685,4,374.06980531111225,224.03154893841796,1
7,1,14.167331091726016,34.200210727983944,4,216.01761127119462,95.35728096151747,3
11,1,22.25023263176077,73.75408457481858,5,180.58556842141317,53.80491783100909,4
11,0,14.268434526443464,66.50453615280107,4,206.08341479873164,122.86370223168991,4
2,0,33.182066687482475,72.39805580805579,1,167.9036805571306,229.21021213981183,1
12,0,17.97399196906646,52.46882399808102,4,138.25627840948638,70.20809360865208,4
9,0,23.1979401604174,52.16891604188282,3,267.654469776822,61.00737601810572,3
10,0,18.621693313966226,32.71915673765368,3,145.31984175930708,88.33878636319986,4
10,0,10.445023345971098,50.996696371778384,3,168.76502309084174,133.71619641950258,4
12,0,20.131303113206336,85.75730413572356,5,318.92987373579444,136.52945592010246,4
1,0,25.448535680235686,52.75359223082694,3,165.83970947982988,240.42695705934545,1
6,0,16.75895528474701,79.8820623733182,5,125.55190697236114,122.75364272301427,2
7,0,23.94140041709671,80.53953028499605,5,226.95554001115408,61.51557874028704,3
8,0,12.478059090067752,52.394469382754025,4,188.12763944878702,108.81260654678547,3
10,0,15.848085294123162,67.91932082377134,1,306.1220751977507,116.69657034871818,4
9,0,20.947904632727177,35.72229613638352,4,140.94683383328373,70.07128429137921,3
2,0,33.822585560948475,36.22071484405659,4,400.7083150731913,282.0232099365388,1
11,0,20.064145071137617,32.9194598197028,5,462.49340777405547,69.49967375210198,4
10,0,13.872598812867539,64.86090560250656,5,397.3740695824778,81.34773598464504,4
2,0,31.746078529162162,55.56425865756582,3,313.1308149605577,243.0835270535188,1
5,0,14.45091461656135,62.881941399854405,3,444.26712871555407,113.83500651307307,2
5,0,20.77643844728103,61.26439143050327,4,377.967351912603,119.93847409873672,2
6,0,24.31049691377561,51.012179465443815,2,104.22044898007594,61.20117130682057,2
3,1,32.21393451106288,70.64840488940837,2,257.63606110980123,277.41966448928326,1
8,0,22.943207543686185,75.51011285498345,3,440.38075976272,103.28471322832598,3
1,0,25.021038431758836,30.877695532660542,2,238.3435431901077,220.69826911576024,1
6,0,20.763581870973915,42.434537986132696,3,114.0860694102094,148.10976245135095,2
4,0,22.443813352978754,72.7941520850002,5,398.4718554209089,124.03782969410197,2
1,0,25.405587375446814,53.19721035803005,4,420.8153081131474,167.70090399290623,1
7,0,23.07396590932346,69.7490368164965,1,164.23747801732344,125.65391672262407,3
9,0,13.850413424650688,50.81775958407351,4,314.9361987372725,59.524893397286945,3
4,0,19.979381529670828,53.445309139778225,3,176.7821755982903,52.74705625129849,2
4,0,22.0053231853511,39.5207324213811,3,387.6937676176587,90.36258952698971,2
6,0,19.93996769589033,45.4938611799696,4,208.62018207099425,149.35781728192188,2
12,0,11.384271881098858,66.32470545045524,3,226.48604902533202,67.48839361948626,4
3,0,30.963215188603684,55.98978667890998,2,437.98834145604053,250.8966515290185,1
12,0,18.243754850832154,76.45816097667571,2,290.52894088276173,67.33960662061193,4
6,0,23.504819021114074,81.15509729630057,3,367.9017804872991,122.4786974958386,2
7,0,16.06359594466314,62.498785093005594,3,260.949220288987,100.53536682378261,3
11,1,14.816216456305753,75.49603752336355,2,219.20274287750215,117.99717100893763,4
10,0,21.247761466546994,48.4142707916742,3,350.19122416986454,70.28731759142346,4
10,0,16.190129891250947,54.898272924004694,3,161.9430296315285,124.5628332520502,4
3,0,31.46096175005063,72.76666057300986,4,249.1999342267452,299.342858943406,1
7,0,19.696751351869104,53.17271956902184,1,183.6148149543689,116.56505006259597,3
3,0,33.880390643601174,65.31029610953934,2,378.3179867762982,224.02199971093165,1
2,0,30.986924023190973,41.12236674495069,4,477.68353533844305,288.47609829288973,1
12,0,17.532304149429805,65.98627889822987,1,498.20438720634655,51.58518422318763,4
10,0,12.083069895947755,81.69082243361362,3,280.11072417663627,122.99235192858211,4
4,0,11.736064100180581,82.11837838940554,3,201.01215585457777,138.8746516813813,2
12,0,12.31482347924619,73.46066437977238,4,277.13174815372963,56.16745836209574,4
8,0,12.577727219906418,74.74520274456756,3,438.9077639850895,95.00641704157582,3
9,0,19.56815638995451,63.47564670904204,5,182.40227142081596,70.47194539499989,3
7,0,21.114718754118677,65.08008540994949,4,480.8382606611695,106.65181655878301,3
1,0,30.299915229264187,38.01903488463108,1,236.7463075192604,247.43144379054908,1
3,0,33.29017732545491,56.631551305278066,4,494.321463780122,195.39347743931324,1
12,1,24.8689484010045,57.04657703318183,2,435.4435550135849,95.99816696781008,4
9,0,22.30018943679034,87.50987014006441,4,423.4282136589561,77.93394852765596,3
12,0,20.42323560513939,55.86521175739736,3,227.16186950931342,86.93911644551137,4
1,0,30.324926994371467,62.96055869416546,3,103.51088477917179,173.93099350326355,1
9,0,16.732796075120625,61.99508395674615,5,252.85316353039514,138.55594435856312,3
8,0,11.265885708168135,68.20570302265963,5,220.72374786507748,51.001041055913646,3
1,0,28.99368748394691,74.89396987991375,5,114.95879616351891,282.3613779665683,1
6,0,23.652019551732014,43.50251257025233,1,302.14610260237185,107.16788783497385,2
5,0,22.120339448598294,61.72346514590615,5,261.21252451309465,83.16578441770176,2
6,0,13.240770475175308,79.55506243896183,1,353.82258709660994,122.30571254603298,2
10,0,16.999116770458237,57.78688283025069,5,348.47452887763325,100.77521518626642,4
12,0,22.25084803837817,46.70745278241438,1,148.29865435867205,99.91086581076065,4
5,0,11.010768321782837,69.28254452137794,4,490.786218450649,61.01422829189664,2
6,0,15.810888785029888,79.42604374794738,4,174.7725717765788,88.95160259454087,2
5,0,22.777618553109214,33.78841757564348,3,278.1096099058818,74.10643458567367,2
11,0,16.058467962551855,76.60742900443363,1,295.247017373494,51.56959055962796,4
12,0,11.164219670971613,79.29887597770627,2,425.22511888564804,86.00996307821133,4
5,0,18.13801552798377,57.691375655316406,3,139.6918384378587,58.98221294256047,2
4,0,22.926137423774428,88.99833940910804,4,271.4577116834127,75.68300377251852,2
3,0,30.9028554295316,77.20250044243855,1,351.40086809448155,163.87749317746417,1
3,0,27.262791082142318,76.41975389373994,5,186.06224864962223,165.14124383345984,1
4,0,15.76359430206072,74.87031446472432,2,350.9871595064291,69.90112944151883,2
9,0,16.75185041772898,39.03648619309644,4,469.4659350198611,149.98492444864002,3
2,0,30.792663538205268,43.03385318718065,3,499.00725246907,150.32762142858732,1
9,0,21.390265386289194,57.839407887865505,1,112.98043071627029,113.86726361204052,3
1,1,25.988736176406356,45.84026099756795,2,194.23529129787102,171.1865547039836,1
1,0,33.89652033017566,54.91445834004243,1,224.122846316679,288.09422050661635,1
5,0,10.184645545241134,83.30784659537524,5,259.6504401779864,59.36328933336292,2
6,0,15.550785020113828,79.45961351275615,3,196.90286303390695,145.50631871262365,2
6,0,10.411304649589864,67.80239270879893,1,181.395197822125,111.0926387483478,2
3,0,28.92974225345291,81.4872236550662,4,481.821536967,150.19021153732353,1
7,0,17.887188983099858,77.02634334103496,3,467.4086411082071,139.40071979168061,3
9,1,17.675220798722677,55.73909591045343,4,118.79700040124699,102.17118013669183,3
11,0,12.48442520542398,42.063909122996705,1,235.52520864193926,76.26697353304846,4
12,0,19.686107651434185,60.85206240056036,3,262.0594214713626,126.72791775156301,4
10,0,10.671676757570022,74.173732951713,4,195.60581386637733,142.66655538868702,4
8,0,21.42860230198623,56.18517592377558,5,351.54915879527016,98.36908231467939,3
6,0,24.199666509903196,70.00631458703384,5,356.1522986576964,81.55534744431108,2
12,0,15.096532407266768,35.65964557746262,1,440.20169133143884,128.89451239349268,4
8,0,17.758590725714978,74.88028418228421,3,396.3477073540871,118.17854977884546,3
12,1,15.683654170882216,78.76281719358371,2,317.0293307863823,138.87524837502724,4
5,0,10.1006558545609,72.41027134683247,3,361.43470801776795,119.2514012761193,2
8,0,15.78811754342674,88.03581525158194,5,209.59551261720725,74.35283388995363,3
10,0,21.875803888920196,79.59912344763842,4,337.2224759869431,143.1659249759019,4
12,0,18.93983263275223,84.1856236725923,2,295.6909018999677,60.48357472059913,4
4,0,11.518898719227384,86.01426500745887,1,153.33778692654818,76.79427501068479,2
10,0,22.707092345406778,78.08087951242851,2,197.0177106331883,102.01946077238856,4
8,0,17.96628017327864,70.45553052038994,1,216.67738028863442,106.57420260709014,3
10,0,22.62585042617014,30.343114881647356,2,469.7238268210232,51.53105866269054,4
12,0,18.70332278177544,57.94954519338748,1,192.15465575435576,128.05727258209401,4
2,1,30.5968844483794,64.26973791734166,1,215.69756112786726,204.24109776380843,1
12,0,11.578887777955186,48.24181634687998,2,247.74165203577292,90.64185410021378,4
12,0,12.510395997079419,49.08626681420832,2,365.4970954501548,130.93695444369456,4
5,0,24.580378847448866,87.66956494260991,1,147.2953569888562,87.92833917275445,2
9,1,13.427301201321562,83.50265191216475,5,481.5780849975104,54.72248764947548,3
4,0,24.66178176985552,80.95074033010226,2,446.2284880379058,67.64397704703504,2
11,0,17.978690597863952,54.36070810236664,3,330.88642920358006,145.59031723881822,4
6,0,12.036835705959056,30.821913024534872,4,369.6151469699827,57.04053624025141,2
1,0,25.99302202753693,34.813334787342846,1,106.6641884976864,203.23968014520244,1
9,0,13.1329610605861,48.73178209305622,1,235.57791013937947,100.31791670513445,3
1,0,34.25637330025336,30.94457477974062,4,418.2640922645768,223.992124100784,1
5,0,16.212253364923402,31.028986914911886,5,130.99318951695435,50.39599430121427,2
4,0,15.931514019893715,84.99619809854465,4,212.9255336842881,100.11627314574903,2
12,0,14.69809391605261,72.36951012714324,2,334.11873133372455,88.37724579774093,4
3,0,26.470618505665882,48.53735940408916,4,202.56521107957673,295.81190032118354,1
6,0,17.317767957886097,37.95867465605719,1,473.59118965780766,65.91590839938299,2
2,0,26.300477825111386,60.69814307370463,4,152.42345232171616,203.12312951392425,1
3,0,33.354802363823275,30.320769651261866,3,418.95774316311145,212.92222276347297,1
5,0,15.555954794129597,86.30482463148864,2,303.1794767625633,89.06935371009487,2
9,0,15.622053516726945,54.88890716333683,4,400.1323103279824,116.58308276518625,3
2,1,29.740064284831558,54.140097314239966,1,224.28613132457897,182.32692863216533,1
10,0,16.661915697486275,53.435616454906935,2,305.7958409248155,72.10715528139919,4
8,0,24.92286959588982,34.15969982326588,1,442.7341398892705,122.92109485008531,3
2,0,30.453811212183027,68.29933438750959,5,286.75123964924177,225.04357780172694,1
11,0,11.32302555684806,73.9802171777012,3,243.88794476410786,91.51556760573104,4
5,0,19.10316012365395,70.56752385529742,5,314.46215450109446,66.92030516772519,2
7,0,12.2737643930482,38.30612959976366,3,386.94510121454675,68.75272229121666,3
8,0,10.46406467097013,64.73041008213556,4,277.4253381994011,51.05516368159005,3
1,0,34.70742153677248,64.16906905033522,2,475.5507900569092,163.7139403292564,1
6,1,21.603083373018457,82.10464727648292,4,217.97832961693683,105.6838694690241,2
1,0,34.80108992413767,52.74765950253882,3,290.18544246764816,283.78096950126144,1
2,0,29.778784480222424,52.28915661956606,3,402.7710637365766,193.0747147695836,1
1,0,30.32257531148976,67.11162352309114,3,375.6484361983033,199.16208388441922,1
11,0,12.525054338786953,67.98435920997079,1,445.4564209668625,61.56056106115122,4
5,0,13.703611400013784,58.15711363954742,2,498.72367227244354,88.86309456071027,2
10,0,22.57823822354242,56.583561739825264,4,270.7433315180358,53.722170456932915,4
9,1,15.342784706763911,59.64886023827296,4,144.46035191332473,141.76006962619002,3
6,0,22.402224606946284,81.66271797019871,5,112.1663523231872,117.31113481245286,2
11,0,20.635205864305476,57.670014075234604,3,390.75076245590867,149.07488093932187,4
11,1,12.657563879077983,86.39590751818935,3,449.60546852348625,138.28231626784935,4
1,0,30.07446366119742,60.24022581577957,3,188.2850343777675,220.9485890547229,1
1,0,31.77387321518717,86.95204159085348,4,163.3792148759624,227.95275467255652,1
2,0,27.35037214803825,79.96991411214455,5,124.8820366102764,178.5864069775791,1
9,0,22.46032765780115,51.74587935694974,1,429.08116868688256,96.20393428395556,3
3,1,30.448276575451867,81.81848527779695,2,224.55277595703373,285.45418102392176,1
1,0,26.652420504426033,36.60379705206691,1,260.6787571039106,157.62801354537316,1
5,0,18.74476639246904,85.50283052058087,4,301.1000766438449,136.35568029983096,2
7,0,24.99570706233871,67.8986109049735,3,435.7812936838203,84.09478016426098,3
6,1,12.257822374951203,33.263444911338674,2,360.333288624594,139.951276509631,2
12,0,22.25135395179292,68.6554034190487,4,346.0258519431245,144.08799063414847,4
1,1,27.07309003187558,88.45485924868537,4,170.26883998236428,250.6297330502859,1
5,0,21.73582494190131,34.18803927687773,4,305.2759566839319,116.44237865926779,2
5,0,21.0186688468212,63.28126258680518,2,386.15240687146206,95.275433770874,2
6,0,14.507340784006486,74.86766098556234,2,489.3043532121967,133.55402245437074,2
3,0,28.258231175644497,78.61551520197187,5,180.5625236853409,294.2419137649925,1
5,0,21.887820879443787,54.82964791924775,5,103.81734122689066,127.50818003391193,2
7,0,16.92168267830969,42.24999355009458,1,130.1205734393879,112.19367337567093,3
5,0,20.96227043067713,32.54053672634303,2,250.34098607279168,110.67928958213368,2
5,1,12.219762210487522,64.78356942583349,2,428.21785909839485,134.94699015836625,2
5,1,22.7883667285233,57.17466421605665,2,102.85683270729803,104.12037657712983,2
10,0,20.663270750234787,86.92466370898265,5,282.6922371543361,130.38598862488226,4
10,0,23.604142132522508,33.63629446289459,4,231.6922461365578,100.88852551742457,4
3,0,26.323723790349725,71.12372060676034,3,120.99268403989103,159.36664124608862,1
1,0,30.930145003605976,31.49797332720343,5,280.09451466904693,207.5920513356233,1
5,0,18.986808775604878,40.286050602632564,2,201.89948293468754,94.44409576714988,2
9,0,15.301911108201736,57.214739995370046,5,240.75393373880257,64.16172449866173,3
1,1,29.58466424569258,57.29234656817209,1,382.2461219137172,165.3744493783819,1
3,0,25.379815632898534,71.14203257601864,2,308.62039356438686,230.31974244854314,1
4,1,21.18790057940518,84.6127820920654,1,149.85897159712533,58.514363655608214,2
1,1,30.49322479403174,68.34192953489526,2,484.5658161694556,195.4417751835126,1
1,0,25.57741051869174,87.21210587109053,5,354.36430628389536,261.6895463944614,1
8,1,20.211338394407285,82.89693839267986,4,406.3473702650126,146.4432179567981,3
2,0,29.667820772311877,65.06998773184742,3,131.68526000334833,257.6805870827893,1
12,0,10.516918891375,80.02751705512964,1,118.82335178400756,149.262554845287,4
8,0,24.54411590272143,68.55465661941804,5,107.77922014723246,119.83379712794027,3
7,0,24.236682146341607,34.713469855423625,4,175.51761110937778,79.37944706543274,3
10,0,17.693536242207962,74.4338833955706,5,265.76335908739804,117.20525405053618,4
10,0,11.405086310588652,35.69450647604077,1,474.3304533611291,120.21567651969039,4
2,0,32.54621221598592,65.64496683418275,3,282.82386370631053,205.7590476924691,1
6,0,17.378966501585936,72.15841235149372,5,216.10204214901177,51.771385060938904,2
6,0,14.5367121743407,33.991656492651316,2,324.7741014078654,120.31997847754869,2
3,0,29.914181775285567,43.847679235591905,4,144.7738312539157,153.25501429133124,1
11,0,17.836662181081966,84.94033393569899,5,343.8023564019933,113.11880780600711,4
2,0,30.627116990223392,66.97886953397378,4,327.37278173220136,174.54247331138328,1
12,0,16.6183557048299,44.777161128631896,2,416.79721336228386,106.56035277480433,4
1,0,31.05755303139057,71.4407862688804,3,494.6750446468096,225.58695380709,1
6,0,23.78102065909566,65.80658519770138,3,200.3493886864442,51.35136423061826,2
12,0,15.434021306478868,60.0945419950769,2,303.86258032150425,86.28658169951035,4
5,0,20.885746948299236,88.57121849928502,4,463.54616252760144,110.10911673963028,2
11,0,23.416788352363483,71.00722664445053,5,414.0759537691365,134.86065518987797,4
9,0,16.839689136399052,52.52646658007476,2,294.96252124032304,138.8642113836517,3
1,1,29.434558363819043,78.00440592461209,1,478.14865984591114,222.5774955049835,1
7,0,19.03175478032169,83.07499757527127,4,122.89467740672376,122.84224872994382,3
5,1,18.87110139133732,37.513233571009884,3,472.3994478850336,81.64545765334577,2
5,0,22.098840134894154,42.03317867071599,2,120.20295695312262,84.21864057586575,2
2,0,29.764833837782927,42.97362054766678,3,318.92189764587374,179.16952787734706,1
11,0,24.941844244591618,71.47270856319241,4,456.1763792004343,106.19481099932392,4
3,0,25.594715688672807,66.182373303197,3,205.08837742452113,197.1846226391048,1
7,0,10.047517728710526,67.13949388191529,2,288.8993995780634,58.437089643850506,3
6,0,19.602974673394357,86.44639798137005,4,229.73155165478664,118.50060866631787,2
12,0,14.47652368542815,76.55469196843836,1,480.8575668305406,120.77532076053981,4
2,0,27.40382388699484,37.67621547070699,2,429.4582379012363,203.99886281685866,1
6,0,14.678486200064206,50.850424945510866,5,383.60060453055183,57.67233994560228,2
2,0,27.560475651049543,56.12361877054414,2,335.05079464604347,213.9446576105139,1
2,0,25.30790049660448,53.75769532485629,4,428.23671572965924,216.35031870753232,1
2,0,34.71533042390588,70.15851654971274,2,256.9068166094188,250.30063273468394,1
11,0,13.311182326791727,83.51358619539376,1,279.0207420424248,81.54163912586834,4
3,1,32.340297625893065,48.36308781136728,1,392.0006884323446,252.3898919671958,1
2,0,32.62596394694175,63.112628185271134,5,243.1019053174857,280.7232812636082,1
4,1,23.93886097010844,77.36456531481514,3,125.56037681934953,73.74860423621999,2
9,0,10.458241856400699,54.973083530720956,4,129.73384355442857,147.89195561198997,3
6,0,23.080725076705114,40.08708770395775,4,146.14512052228156,88.6368137136807,2
1,0,30.272261808398003,58.4970579158249,3,447.8725293374651,190.08880277205927,1
8,0,19.488161649487417,33.31335124458171,1,288.8905703024817,92.15111825102906,3
12,0,19.667054156815503,86.5430072401366,1,385.1529477378946,59.43974759038592,4
7,0,22.29696707477091,34.489272311698386,2,257.1637342419573,62.57059065121157,3
10,0,15.001109832386657,56.307402915034686,5,203.48437896625381,91.44340469683314,4
3,0,32.33051189859994,61.79287566531157,5,238.87686702488477,264.366678290865,1
1,0,30.28578109722197,89.11822993723712,5,417.6729381268734,285.04683593617364,1
5,1,21.900910214580215,39.961309418571645,2,350.08645001257526,116.4817990716271,2
4,0,24.858190491552,36.865891116741516,5,475.0559119831608,60.52195552381697,2
10,0,13.009765261056419,30.522368823752615,3,371.88191143073357,117.2019762180535,4
8,0,24.919729623399967,39.33428621215814,2,328.0726527018776,113.5427920702972,3
1,0,25.89812154282774,42.43637874406006,3,344.0784035943338,270.86458774399966,1
10,0,10.034763218572207,67.83485649498553,2,476.9485757873658,132.5248666652181,4
1,1,25.44161936177831,43.18240742348402,5,415.2803719466824,280.23046136684684,1
12,0,15.126736071051425,31.231248883759513,3,109.61649494657513,91.41315145790983,4
4,0,19.493594960176512,79.59710073014932,3,313.6558784542789,119.78643953521443,2
8,0,11.035443113317744,51.935742060238006,3,375.33536461862593,76.82503589223107,3
5,1,10.084987217943508,51.22180119484403,2,399.47939137566203,149.93362799835043,2
2,0,34.37091028458795,48.148741750075594,4,185.2568477255747,176.30013620652898,1
6,0,22.328899539098945,88.52239662878526,5,446.8709417805409,51.01144316608358,2
5,0,22.137747567085466,40.20692503855689,3,482.3372588700655,64.8808714518176,2
2,0,33.84424275501977,83.89428383719411,4,194.6861223379479,266.380843431619,1
11,0,20.500514091581564,76.60819992839328,5,453.04618300689833,94.67836765082114,4
11,1,11.566061946221222,34.58879732995879,5,138.79150500643817,94.75002478104284,4
11,0,15.986502821105846,89.20374609005091,3,122.28273444609808,145.50229196116686,4
3,0,32.231494864646294,46.281957812340636,3,151.68952004109974,287.94523620421114,1
9,0,14.205016911872814,35.91497562134474,2,123.0964317868144,81.11947378040092,3
7,0,20.311095462043564,79.75885404754557,4,438.0048948623104,70.9058128780866,3
7,0,10.367476724014786,72.40053202066198,4,123.62005778330878,134.84822099337396,3
11,0,14.592060113193899,67.03312835267405,3,208.6656765454622,140.60190710443632,4
6,0,18.23695504415759,39.358851821935986,5,141.50253741434256,104.15969227984868,2
8,0,19.481347442593634,58.70976697535771,3,218.16881452550598,112.94237111171006,3
4,0,18.65560996692866,76.83336161323282,5,136.2237870403682,75.69142846922934,2
8,0,20.466344141101445,48.21743628863042,5,367.2013002972056,130.08026879785245,3
4,0,10.091331223597585,48.70138971090249,3,153.33072653703005,113.2122428449023,2
8,0,11.514117999662822,30.188454362887327,1,440.73837033555515,100.35135112979967,3
9,0,23.034163784187175,40.45460409872277,4,426.8764202906564,56.01085560783958,3
3,0,31.81748644090161,82.52433750731007,5,105.46467418824376,287.3902443766731,1
3,1,26.129316426860115,56.504789498262426,5,458.2905422060458,242.3177130576609,1
11,0,22.63111656097869,89.05406995406604,1,111.57772669734682,69.2691094692968,4
2,0,27.42231217824567,53.74247781442755,2,195.85831398302264,240.9579175474579,1
10,0,17.173898262928354,72.91118728681448,1,112.95565511039803,117.74633542399734,4
3,0,26.451965128846602,46.91514257428375,1,234.33739481572638,228.8655505024838,1
3,0,32.10110056421706,51.82857846845601,5,305.54661028530865,257.71526069340337,1
5,1,20.00281631521402,41.44355925545368,4,418.65794760605525,108.14539479286242,2
5,0,13.166687067492042,50.8237421099637,1,235.19262018793447,144.7769582032148,2
2,0,33.63400766857002,62.83425122523859,2,382.19600986924667,158.054561789896,1
12,0,16.019590363295684,89.50637285875496,3,175.00178284759215,60.62457084695605,4
10,0,14.387726366061127,69.85210278430714,1,400.23938269765057,67.36716369543399,4
6,0,12.284943841968031,41.954757264498845,1,194.39864236369502,119.01710706043322,2
5,0,13.992520187733062,32.697686495493066,2,157.41790237750718,114.55958727498087,2
6,0,10.330403818357254,37.581388878870634,4,174.16354014962172,139.2058860209694,2
1,1,30.832574924561158,63.75331207638284,1,172.82525155274215,259.93161793258474,1
5,0,22.63346119515922,75.90961972900598,1,305.14515175079646,100.83554875645922,2
9,0,18.234706741624628,86.42515243804482,4,437.9190324752584,149.183179246363,3
12,0,13.289109428858136,30.94939031980925,2,131.84203079700225,76.61079561692992,4
10,0,10.50503767320809,61.36560849371219,1,382.78252739736905,133.3191659785454,4
2,0,27.14628073258803,58.25204137339061,4,361.73858386114307,214.01855582908792,1
1,0,29.161214280710922,69.36330131854224,1,449.00798073174496,247.31027083136013,1
10,0,21.394171430496947,63.57473126792052,3,197.6590242027629,122.7268470452434,4
11,0,12.817642788066612,71.22234903494883,5,280.0439434740118,113.37540871903363,4
9,0,20.79687180032029,69.48495508495142,3,470.33094977740694,64.05073031085932,3
10,0,23.004002025278254,37.02070349147677,1,363.9973800541269,94.29510107479328,4
9,0,16.809202721625354,77.98307481712317,2,255.50736514463875,106.14383779331243,3
9,0,22.3214798746389,37.39395454297949,5,152.56495314210738,134.90437591785968,3
6,0,18.319860220526433,71.91183751254823,3,204.99400316023642,94.36457487985723,2
8,0,19.556362556213575,54.9687220584364,4,332.4861909957533,141.87473048042514,3
11,0,17.89417690507304,60.83104407459587,2,387.26717902420546,94.03742230252107,4
1,0,29.631727167513418,84.19788086254263,3,149.7687547407574,232.31697888945175,1
10,0,13.51980162663774,83.39302358840919,4,339.8389040176216,129.62856829428011,4
4,0,14.547910891915691,79.07137833930177,1,320.1405115355004,108.30676844221436,2
1,0,27.89970118943609,60.608902827379396,4,305.5821786762832,294.0327108574237,1
8,0,18.449333964307222,74.17438860802999,3,376.04924707280315,116.03358305141276,3
1,0,26.1995369302389,60.77382333112856,3,434.97983803338474,228.40641811014015,1
3,0,34.167916907023354,82.17636494848665,1,229.19587327074734,153.5387951671194,1
4,1,20.8098271792467,54.166549993973995,4,455.6048760443838,91.37328975803298,2
8,0,16.021684463697905,88.2141206648926,4,164.25344504742026,79.92484192601604,3
6,0,12.37936216789567,85.93936549373265,1,169.20954790046574,124.81056678874893,2
10,0,23.229882545824537,74.49615716710713,4,206.70882544956956,70.82776751535458,4
12,0,22.356671351517477,46.764953050564316,1,147.81234781883114,70.52200872940719,4
7,0,20.82582329075769,37.899215327595506,2,192.12768987315104,68.95190432373768,3
8,0,14.073205711168637,81.28220700559186,3,142.56470516113785,62.56156131562359,3
2,0,29.02446637433669,39.918137168277674,2,428.70096679415616,196.6510505506331,1
10,0,11.54122378678635,81.25564733984015,5,155.58759675464984,138.59221144434252,4
11,0,12.835592870912976,59.44590040274163,5,398.9190230239427,127.4928472305955,4
8,0,21.745249559750995,54.39340702848625,5,119.16554716533349,123.52512163067935,3
3,0,32.15038718850684,84.19144673006575,1,479.4081310055661,269.6005208474944,1
7,0,18.90228644463902,66.23105895241667,4,384.4640350111065,76.94178893295717,3
3,0,33.95726725926173,64.59684042778306,2,102.71861943444472,283.11625361287315,1
7,0,18.748997767195682,63.52595667746386,2,405.5426000800856,63.73033751416044,3
11,0,17.00451999945416,52.270170961171885,2,305.63276830647413,83.6345726715582,4
12,0,15.10556119458644,77.13858621174764,2,411.7460681340479,108.6748118967343,4
2,0,34.404485057361725,45.167906640946384,5,308.9987235562354,165.4357632513001,1
10,0,11.240731922865303,86.3336976024765,2,356.4099430541419,123.01301877764249,4
6,0,23.963310580912125,83.63911230281764,4,414.5326621580162,88.7246048203475,2
3,0,33.26714659931018,50.24881954049389,5,262.0432218351427,267.66084984126,1
3,0,26.299299245357012,73.76782618989982,2,101.08325992818084,223.93444283769043,1
9,0,18.474765365128803,64.39339166697549,1,439.9785983780754,68.08745244253363,3
7,1,22.998219726236304,50.25895811995407,3,252.35614504986503,123.47618113553443,3
5,0,18.577137454107305,89.3112988797268,3,298.41709040663324,75.21439558389436,2
12,0,23.607997323409336,31.51424075089585,3,103.10665686158748,99.08103012680428,4
10,0,24.144757252240638,45.1587618372772,5,296.8368041400392,57.55332691569076,4
7,0,16.33576783276459,61.20444366666902,2,494.5949606286918,111.78666544120367,3
9,1,15.659704921094853,61.317180208713836,5,211.30706432750787,116.58577662162773,3
1,0,34.36321153969157,65.33598449673386,4,258.1673080969512,206.80113149591753,1
7,0,20.127100917245023,75.10057032137516,1,374.87599858747063,145.44227803210737,3
6,0,11.740340220222539,67.40866983115778,1,425.91746700946345,137.41689214820684,2
10,0,10.634376238340218,66.01688763168221,3,266.9566496024401,120.79409157399948,4
12,0,18.469435764958945,33.2108677747826,3,223.867548160517,121.36520744937427,4
9,0,23.952564481576367,52.5918172673579,3,475.1303199940268,75.24017149421513,3
1,0,33.44248702405818,43.92334438206936,2,370.8579866686677,248.52228466326733,1
4,0,20.137716196965044,45.92220669611852,4,147.60852179725643,69.82062652355197,2
9,1,12.086737733366313,63.26024846042069,4,127.57115125385945,64.40032239198221,3
4,0,13.813470756230434,41.97031889577651,4,293.41994031614763,149.94678942025803,2
10,0,23.13266839828924,47.63694606101385,4,188.036026418909,112.23759314731743,4
3,0,26.828072366569003,44.225082511040405,3,201.5939013505014,214.64818089857857,1
9,1,14.176591123756518,86.91017659309168,1,451.0768715311393,78.81645228839514,3
2,0,26.29600651195442,86.67994393026571,3,135.82640972652428,240.58806654933412,1
4,0,20.141623471216167,66.5964935157631,4,386.1456460915559,54.959350822008616,2
6,0,24.159734580448145,85.471348123914,3,208.4569013522352,59.46809905047951,2
2,0,27.689680315953858,77.1487587281024,4,404.1312885616551,154.92850466105946,1
8,0,17.131099117751106,65.39687296810853,5,388.9645537854178,99.91698332626618,3
8,0,19.515096095668063,30.386112689807742,1,102.9567605777172,110.06066291871826,3
1,0,34.99466248215631,76.35097716476425,5,303.6541651686397,159.37196420367312,1
12,0,11.572120974963582,72.14930049530813,2,155.72779295121853,122.12244674989165,4
3,1,29.98570799505709,66.91521919694483,3,446.4908122314707,184.55926072718466,1
10,0,15.776801798537502,75.6254587009483,2,448.63435314496263,118.5201453769866,4
9,0,22.987302478335327,60.77532988648594,3,267.3383229975032,148.18971400352456,3
5,0,17.139515965174837,72.24499627928034,5,277.7582473804322,119.11058700538511,2
6,0,11.66466286877722,86.1103252035896,4,221.31317576181084,138.31930529236087,2
4,0,19.516362179298753,52.54830095076518,4,386.6425195840124,144.81985067430674,2
10,0,21.561709273958197,72.48731009403753,3,243.46454521058365,98.67510483523155,4
2,0,25.028812516656146,58.54126908065752,4,207.1169898090535,255.34874691295602,1
11,0,22.884350281309445,70.46397910883888,5,272.89242380180326,135.19692535558417,4
8,0,12.790345000084985,75.77360013326185,4,136.5950073549835,85.6608912874386,3
11,0,18.28104046980067,32.727150026147754,5,398.6412818576815,76.13973165603949,4
6,0,16.236962510311752,68.79602663691972,2,105.03856050871478,144.65985727783385,2
5,0,20.794807249157955,43.60447106441667,5,357.7940246082376,122.6303500368818,2
9,0,15.567424221786126,70.20195226845401,1,173.14581070194896,71.96821333758263,3
1,1,33.69763176681711,58.09981115602881,1,192.96161848576526,217.36250890141702,1
5,1,20.95744541438185,76.41316451189323,1,354.25279945601596,129.64517695378095,2
6,0,19.71569756594382,37.40404891233578,3,497.17738631316286,104.70629909184422,2
5,0,21.943608933442814,67.5793410993717,3,411.0869956290203,114.99520981658891,2
6,0,21.310345523925733,46.70824373565314,3,190.3358528893568,125.37682020450524,2
6,0,10.5390801238233,81.17891971983549,5,170.40990201645351,112.20091888089806,2
7,0,15.921015307672423,85.70301033817844,3,446.4931481070681,104.00793219221958,3
